id,bad,feature1,feature2,feature3,feature4,feature5,feature6,feature7,feature8,feature9,feature10,feature11,feature12,feature13,feature14
1,0,优,8.37,0,0,0,0,0,0,0,0,0,0,0,0
2,0,优,11.68,0,0,0,0,0,0,0,0,0,0,1,1532
3,1,,3.77,2,98,98,98,0,0,100,100,98,98,0,0
4,0,,16.26,1,0,0,0,0,0,0,0,0,0,0,0
5,0,良,13.18,3,119.86,80,39.95,80,80,5180,50,400,149.67,2,1276
6,0,优,5.36,1,0,0,0,0,0,0,0,0,0,4,365
7,0,优,4.22,9,187.1,76.1,37.42,30,30,5256.0759,0,4000,1105,7,531
8,0,良,13.85,14,639,90,58.09,104,80,5000,10,2500,374,14,672
9,0,优,8.72,2,62,62,62,0,0,50,50,31,31,0,0
10,1,优,10.93,2,155,100,77.5,0,0,1001,600,1001,665.5,2,449
11,1,优,4.7,2,109,60,54.5,0,0,3000,2000,1800,1390,12,6
12,0,优,17.48,2,0,0,0,0,0,0,0,0,0,0,0
13,0,优,1.45,1,25,25,25,0,0,500,500,125,125,0,0
14,0,良,8.77,7,395,100,79,90,90,1000,100,1000,337.66,0,0
15,0,优,3.24,8,381.67,96.68,47.71,100,50,5056,50,680.8,189.12,13,254
16,0,,1.9,1,100,100,100,100,100,1000,1000,1000,1000,17,91
17,0,良,1.17,4,230,90,76.67,0,0,1000,30,500,205.67,0,0
18,0,优,0.78,5,14.5,14.5,14.5,0,0,1000,1000,145,145,0,0
19,0,优,2.99,1,10,10,10,0,0,500,500,50,50,0,0
20,0,良,7.41,6,218.34,67,43.67,101,67,1000,50,340,86.43,3,217
21,0,优,2.42,1,68,68,68,0,0,1000,1000,680,680,0,0
22,0,优,,5,200,50,50,50,50,100,3,50,37.88,7,409
23,0,良,,1,0,0,0,0,0,0,0,0,0,0,0
24,0,优,,1,0,0,0,0,0,0,0,0,0,17,62
25,0,优,,5,173.62,51,34.72,0,0,5000,50,2550,1239.82,2,712
26,0,良,,3,45,45,,0,0,1000,1000,450,450,0,0
27,1,良,2.89,1,95,95,,0,0,50,50,47.5,47.5,10,80
28,0,优,3.9,3,65.97,50,,0,0,50,1.628,25,12.63,7,135
29,0,良,2.72,3,76.6,66.6,19.15,76.6,66.6,50,0,100,33.58,0,0
30,0,良,4.09,2,0,0,0,0,0,0,0,0,0,1,698
31,0,,8.25,2,200,100,100,100,100,100,12,100,56,0,0
32,0,良,19.56,2,10.09,9.09,5.04,0,0,500,450,40.905,22.95,75,270
33,0,良,2.33,3,159,70,53,49,49,2000000,50,800000,266791.5,4,237
34,0,优,2.16,1,0,,0,0,0,,0,0,0,0,0
35,0,良,12.92,1,0,,0,0,0,,0,0,0,10,32
36,0,优,5.51,1,100,,100,0,0,,5000,5000,5000,0,0
37,0,优,2.18,4,95,,31.67,0,0,200,200,120,63.33,0,0
38,0,良,7.99,2,20,20,20,0,0,500,500,100,100,3,34
39,0,良,15.18,2,130,80,65,80,80,108,101,80.8,67.4,9,58
40,0,优,25.35,2,80,80,80,0,0,2000,2000,1600,1600,8,602
41,0,良,0.16,1,50,50,50,0,0,1000,1000,500,500,0,0
42,0,优,1.94,2,100,100,100,0,0,100,100,100,100,0,0
43,0,优,5.18,1,48,48,48,0,0,1000,,480,480,6,787
44,0,良,2.78,1,100,100,100,100,100,30,,30,30,0,0
45,1,优,3.86,2,80,80,80,80,80,500,,400,400,0,0
46,0,优,4.4,3,68.75,50,34.38,18.75,18.75,100,80,50,32.5,0,0
47,0,良,12.13,9,64.2,40,32.1,0,0,2006,600,485.4,362.7,0,0
48,0,良,3.15,4,160,100,53.33,0,0,2000,800,1200,600,2,504
49,0,优,4.06,1,0,0,0,0,0,0,0,0,0,4,504
50,1,优,12.76,12,419,100,52.38,157,51,2000,300,1000,359.75,12,939
51,0,良,0.07,3,150,100,75,100,100,1800,1000,1800,1150,0,0
52,0,优,7.82,0,40,40,,40,40,50,50,20,20,3,233
53,0,良,6.34,3,207,97,,50,50,502,50,301.2,124.9,0,0
54,0,,9.11,2,160,100,,0,0,50,3,30,16.5,7,747
55,1,优,9.26,11,572.16,100,52.01,150,100,12000,30,6120,2018.1,0,0
56,0,良,1.57,9,5.6,5.6,2.8,0,0,24000,24000,1344.4901,672.25,0,0
57,0,优,11.24,2,182,100,91,0,0,2000,50,2000,,11,49
58,0,优,12.1,9,245.57,63.9,30.7,73,50,5050,5,319.5,,7,214
59,0,良,6.48,1,3.33,3.33,3.33,0,0,1500,1500,50,,11,327
60,0,,7.94,4,250.1,98,50.02,40,40,3000,200,2940,,9,554
61,0,优,4.79,9,312.58,51,31.26,184,51,5380,10,1274,313.27,16,881
62,0,良,53.28,7,0,0,0,0,0,0,0,0,0,0,0
63,0,,10.28,1,15,15,15,0,0,1000,1000,150,150,7,789
64,0,优,9.85,5,100,100,100,0,0,240,240,240,240,0,0
65,0,良,22.05,1,80,80,80,0,0,50,50,40,40,0,0
66,0,,16.02,2,190,80,63.33,0,0,300,50,240,98.33,2,3472
67,0,优,5.43,6,100,80,50,0,0,50,10,40,21,0,0
68,0,良,8.47,2,90,90,90,0,0,50,50,45,45,6,671
69,0,优,13.81,1,0,0,0,0,0,0,,0,0,0,0
70,0,优,8.08,2,2,2,2,0,0,3000,,60,60,13,1740
71,0,良,3.62,1,70,70,70,0,0,200,,140,140,0,0
72,0,优,4.99,2,133.33,50,44.44,33.33,33.33,107,,75,37.39,6,397
73,0,优,2.88,6,131,71,43.67,0,0,10200,,1448.4,572.8,0,0
74,0,良,10.68,87,743.87,100,61.99,298,99,14296.1624,20,4504.64166,459.59,27,174
75,0,,2.79,2,0,0,0,0,0,0,0,0,0,0,0
76,0,优,9.02,4,175,100,58.33,0,0,100,50,55,38.33,7,282
77,0,良,5.95,8,388.5,70,,30,30,2000,50,888.89,245.68,6,756
78,0,,2.27,1,60,60,,0,0,500,500,300,300,3,50
79,0,,7.42,19,202.71,90,,174.48,90,5321.7,100,970,298.74,14,743
80,0,良,5.23,10,306.09,90,34.01,10,10,8000,50,2800,726.33,8,6
81,0,,6.31,2,,35,18.5,0,0,10000,50,200,108.75,25,112
82,0,优,6.08,1,,100,100,0,0,700,700,700,700,5,474
83,0,良,1.11,5,,20,20,20,20,,50,10,10,0,0
84,0,,10.82,1,,100,100,100,100,,30,30,30,0,0
85,0,优,8.99,9,483.1,80,37.16,200,80,,50,3150,572.41,5,369
86,0,良,9.61,4,0,0,0,0,0,,0,0,0,0,0
87,0,优,11.62,2,83,50,41.5,33,33,2000,300,1000,549.5,0,0
88,0,优,18.33,4,54.05,54.05,54.05,0,0,1850,1850,1000,1000,0,0
89,0,良,6.15,1,0,0,0,0,0,0,0,0,0,4,206
90,0,优,11.09,1,100,100,100,0,0,408,408,408,408,0,0
91,0,优,1.17,2,100,100,100,0,0,80,80,,80,0,0
92,0,良,6.16,2,50,25,25,0,0,1188,518,,213.25,4,100
93,0,良,2.11,3,51,51,51,0,0,500,500,,255,0,0
94,1,优,5.75,2,204.83,100,68.28,0,0,2000,921,,868.5,1,105
95,0,良,2.36,11,377,100,75.4,0,0,5000,0,100,,0,0
96,0,良,12.16,15,120,50,30,20,20,62351.5807,3,20,,34,111
97,0,优,4.97,6,270,100,67.5,80,80,410,3,410,,24,204
98,0,良,13.48,0,90,90,90,0,0,0,0,45,,2,7
99,0,良,5.51,1,50,50,50,0,0,1500,1500,102,102,0,0
100,0,优,3.97,7,432.45,100,72.08,107.45,57.45,198,50,198,83.08,15,131
101,0,良,0.15,11,455,100,56.88,200,100,18090,10,1809,427.75,0,0
102,0,优,4.9,4,213.66,70,53.42,0,0,3000,50,2001,958.28,0,0
103,0,优,2.72,6,75.04,30.77,18.76,0,0,5000,50,1555,881.85,0,0
104,0,良,13.76,1,70,70,70,0,0,100,,70,70,5,236
105,0,良,14.55,11,188,60,47,78,40,1000,,600,194.25,5,52
106,0,,6.11,5,360,90,72,70,70,500,,300,104.53,17,475
107,0,良,8.73,5,56.52,56.52,,0,0,230,,110,55,3,776
108,0,,12.82,1,67,67,,0,0,2008,,1345.36,1345.36,13,460
109,0,优,5.46,7,10,10,,10,10,500,,50,50,8,186
110,0,良,15.5,7,310,60,,150,50,500,50,300,83.33,0,0
111,0,,4.58,5,305.1,100,,80,80,5576.6,90,2400,804.4,5,25
112,0,,21.07,3,0,0,0,0,0,0,0,0,0,1,982
113,0,良,8.35,11,141,66,47,25,25,3000,100,1980,760,5,764
114,0,,6.73,2,143.17,94.17,71.59,49,49,500,300,470.85,308.93,0,0
115,1,优,9.5,2,85,60,42.5,0,0,500,100,300,162.5,3,390
116,0,良,9.44,1,28,28,28,0,0,300,300,84,84,0,0
117,0,优,11.84,0,,0,0,0,0,0,0,0,0,4,121
118,0,优,5.66,4,,94,53.52,9.09,9.09,3000,50,2820,763.25,0,0
119,0,良,0.73,3,,80,40,0,0,568,500,400,202.5,0,0
120,0,良,4.83,5,,80,80,0,0,50,50,40,40,5,455
121,0,优,18.65,4,0,0,0,0,0,0,0,0,0,0,0
122,0,良,3.25,6,365,80,73,80,80,3000,100,2400,573,10,530
123,0,优,3.13,2,50,50,50,0,0,3600,3600,1800,1800,0,0
124,1,优,5.52,1,0,0,0,0,0,0,0,0,0,18,210
125,0,良,19.06,1,49,49,49,0,0,500,500,245,245,0,0
126,1,优,8.26,5,276.4,70,55.28,156.4,68,1000,3,680,174.87,0,0
127,1,优,14.1,15,475.7,90,52.86,111.67,66.67,50156.2502,43,1879.2,298.67,3,197
128,0,良,7.28,1,40,40,40,0,0,200,200,80,80,1,825
129,0,优,,,189.43,71.43,47.36,0,0,800,70,240,94.5,0,0
130,0,优,,,5,5,5,0,0,200,200,10,10,9,582
131,0,良,,,60,20,15,10,10,1000,100,100,37.5,7,581
132,0,优,,,50,50,,0,0,100,100,50,50,4,517
133,0,优,,,90,90,,0,0,200,200,180,180,18,513
134,0,良,,,171,80,,50,50,500,50,400,210,5,507
135,0,优,20.63,4,244,94,,60,60,500,100,470,326.67,7,546
136,0,优,3.54,1,50,50,,50,50,50,50,25,25,0,0
137,0,良,4.69,1,15,15,15,0,0,200,200,30,30,0,0
138,0,,5,2,0,0,0,0,0,0,0,0,0,34,36
139,0,优,13.35,3,160,100,80,100,100,300,2,180,91,6,200
140,0,良,6.97,1,50,50,50,0,0,50,50,25,25,0,0
141,0,,12.88,2,111.05,50,37.02,21.05,21.05,100,38,50,32.67,0,0
142,0,优,8.51,5,369,100,92.25,270,100,100,50,99,36.75,6,490
143,0,良,11.05,1,100,100,100,0,0,500,500,500,500,0,0
144,0,,4.89,8,343,100,68.6,0,0,2000,100,1500,485,4,654
145,0,优,2.18,1,62.5,62.5,62.5,0,0,8000,8000,5000,5000,1,715
146,0,良,4.91,2,112.38,100,,0,0,1000,400,1000,524.75,6,16
147,1,,4.09,2,120,60,,0,0,500,200,300,210,5,199
148,0,优,2.51,2,30,30,,0,0,100,100,30,30,0,0
149,0,良,1.81,4,160,100,,100,100,1000,50,300,150,0,0
150,1,优,10.47,2,80,80,,0,0,50,50,40,40,9,119
151,0,优,5.24,4,190,80,,0,0,1000,100,800,312.7,11,253
152,0,良,16.65,5,208,100,,0,0,2000,50,680,340,3,18
153,0,优,10.8,1,0,0,,0,0,0,0,0,0,10,558
154,0,优,3.53,9,436.67,100,,100,100,1200,10,1200,390,1,547
155,0,良,4.64,1,18,18,,0,0,500,500,90,90,6,306
156,0,优,14.63,2,60.61,60.61,,60.61,60.61,33,33,20,20,0,0
157,1,优,7.95,1,1,1,,0,0,1000,1000,10,10,0,0
158,1,优,12.55,3,40,40,,0,0,50,50,20,20,11,28
159,1,良,0.34,5,278.33,100,,0,0,600,100,590,352.5,0,0
160,0,优,10.45,3,171.93,78.93,,0,0,569.54,255,449.54,237.9,6,730
161,0,良,9.71,14,185,95,,30,30,10000,50,9500,3181.67,0,0
162,0,良,12.7,1,100,100,,0,0,,100,100,100,34,553
163,0,优,11.01,4,213,90,,18,18,,50,61.2,39.8,0,0
164,0,良,4.82,2,0,0,,0,0,,0,0,0,7,625
165,0,,4.58,3,197.78,99.78,,0,0,,300,4989,1887.67,6,404
166,0,良,12.66,5,235,80,,140,80,,100,520,243.75,5,642
167,0,良,4.12,2,120,60,,0,0,,1000,3000,1800,7,310
168,0,优,15.3,2,0,0,,0,0,,0,0,0,0,0
169,0,,1.17,3,230,100,76.67,0,0,80000,200,40000,13453.33,0,0
170,0,良,3.04,3,19.6,19.6,19.6,0,0,12,12,2.352,2.35,0,0
171,0,优,10.55,0,100,100,100,0,0,0,0,0,0,4,79
172,1,良,3.06,3,223.89,80,74.63,157.22,80,600,51.8,400,173.33,0,0
173,0,良,6.05,1,51,51,51,0,0,600,600,306,306,23,5
174,0,,5.54,7,440,100,73.33,50,50,300,30,180,74.17,2,335
175,0,优,8,3,145,95,72.5,50,50,150,50,142.5,83.75,2,1437
176,0,良,9.51,1,55.38,55.38,55.38,0,0,650,650,360,360,0,0
177,0,优,0.13,2,50,50,50,0,0,400,400,200,200,0,0
178,0,优,3.24,3,200,100,100,100,100,50,38,50,44,7,195
179,0,,16.32,6,295,90,49.17,51,51,600,50,300,112.83,0,0
180,1,良,2.64,2,40,40,40,0,0,300,300,120,120,4,329
181,0,优,0.94,1,85,80,42.5,80,80,10000,20,500,258,0,0
182,0,良,19.27,3,255,100,85,155,90,1000,50,1000,359.17,0,0
183,0,优,5.13,1,0,0,0,0,0,0,0,0,0,0,0
184,0,优,2.44,5,0,0,0,0,0,0,0,0,0,8,552
185,0,良,14.11,9,285,50,40.71,36,36,5318,1080,1914.48,866.03,4,434
186,0,良,1.83,16,40,40,40,0,0,100,100,40,40,5,198
187,0,优,1.15,7,293.34,100,41.91,86.67,86.67,3000,30,3000,743,0,0
188,0,良,11.83,7,6,5,3,0,0,3200,1663.16,83.16,57.58,0,0
189,0,优,22.08,15,615.28,100,61.53,129,89,14500,50,9900,4408.9,4,652
190,1,优,8.27,1,55,35,27.5,0,0,100,100,35,27.5,0,0
191,0,良,1.09,1,0,0,0,0,0,0,0,0,0,0,0
192,0,,21.05,3,130,50,32.5,0,0,8802,1000,2200.5,1031.38,6,94
193,0,优,19.9,6,51,51,51,0,0,1370,1370,698.7,698.7,6,796
194,0,良,20.52,2,160,100,80,0,0,180,50,180,105,10,756
195,0,,9.88,2,115,80,57.5,0,0,200,101,160,97.67,4,349
196,0,优,0.15,12,140,100,70,0,0,1000,200,1000,540,0,0
197,0,良,12.98,1,64.42,60,32.21,0,0,226,50,30,20,3,579
198,0,,5.72,4,118.2,87,39.4,30,30,1000,100,870,302,7,175
199,0,优,15.6,1,100,100,100,0,0,2010,2010,2010,2010,0,0
200,0,良,10.92,2,30,30,30,0,0,300,300,90,90,0,0
201,0,优,19.23,8,337.25,97.25,67.45,287.25,97.25,50,40,45,27.78,2,466
202,0,优,12.75,6,66.68,49,22.23,66.68,49,10916,50,844.8,300.37,0,0
203,0,良,5.1,15,120,90,60,30,30,1000,1000,900,600,28,62
204,0,良,21.52,1,110.2,90.2,55.1,0,0,1232,50,1111.264,560.63,8,196
205,0,优,3.22,7,220,100,73.33,100,100,50,10,15,11.33,8,82
206,0,良,5.07,1,90,90,90,0,0,150,150,135,135,0,0
207,0,良,13.89,4,155,70,51.67,0,0,20000,200,3000,1513.33,14,454
208,0,优,8.81,1,100,100,100,0,0,100,100,100,100,0,0
209,0,良,0.35,5,131.69,70,32.92,0,0,1280,900,896,364,0,0
210,0,良,0.04,3,90,90,90,90,90,100,100,90,90,0,0
211,1,优,6.85,5,290.2,100,58.04,33.2,33.2,2000,50,1020,248.52,6,518
212,0,良,2.05,2,80,80,80,0,0,500,500,400,400,0,0
213,1,优,7.18,2,35,35,35,0,0,5000,5000,1750,1750,0,0
214,0,优,26,0,0,0,0,0,0,0,0,0,0,2,135
215,0,良,20.66,8,65,35,32.5,0,0,1000,100,300,167.5,4,235
216,0,,7.26,4,207,80,69,0,0,500,150,400,290.17,2,1229
217,1,优,2.87,2,0,0,0,0,0,0,0,0,0,0,0
218,0,良,2.81,2,146,95,73,0,0,50,50,47.5,36.5,0,0
219,0,,16.15,5,140,75,35,10,10,1500,10,450,222.12,0,0
220,0,优,3.3,1,0,0,0,0,0,0,0,0,0,3,973
221,0,良,7.15,1,90,90,90,0,0,300,300,270,270,6,1009
222,0,优,0.12,1,50,50,50,0,0,500,500,250,250,0,0
223,0,优,6.51,4,147.77,50,36.94,47.77,35,830,50,106,53,9,223
224,0,良,17.38,1,100,100,100,0,0,50,50,50,50,16,266
225,0,,7.88,1,0,0,0,0,0,0,0,0,0,3,126
226,0,优,8.38,2,227.9,51,32.56,42,22,1008,50,510,177.04,3,221
227,0,良,3.68,3,151.8,80,50.6,0,0,500,10,400,139.27,2,557
228,0,良,13.04,7,177.91,91.09,44.48,94.09,91.09,2000,100,300,100.5,0,0
229,0,优,5.93,1,60,60,60,0,0,50,50,30,30,8,251
230,0,良,4.46,6,185,85,61.67,0,0,1000,300,850,416.67,2,180
231,0,,2.9,2,130,80,65,0,0,508,498,406.4,327.7,11,338
232,0,优,14.13,7,366,60,45.75,55,30,3600,20,1005,392.75,2,255
233,0,良,11.93,3,84.46,40,21.12,0,0,6720,50,400,193.63,10,485
234,0,优,4.82,1,90,90,90,0,0,100,100,90,90,3,256
235,0,优,5.02,1,0,0,0,0,0,108,108,0,0,13,47
236,0,良,5.65,8,260,70,43.33,20,20,300,10,60,29.5,6,407
237,0,,16.67,6,212,100,42.4,51,51,8000,10,4080,1096.4,4,286
238,1,良,3.07,2,200,100,100,100,100,200,200,200,200,13,216
239,0,良,19.15,1,70,70,35,0,0,3100,150,2170,1088.75,2,551
240,0,,1.55,5,39,39,39,0,0,8000,8000,3120,3120,4,50
241,0,优,17.6,1,20,20,20,0,0,1000,1000,200,200,30,30
242,0,良,5.71,10,180,100,45,180,100,6100,10,50,20.67,11,121
243,0,优,13.98,1,0,0,0,0,0,0,0,0,0,12,323
244,0,优,8.01,4,18,10,9,0,0,1000,550,80,67.5,0,0
245,0,良,27.29,2,50,50,50,0,0,50,50,25,25,2,1542
246,0,,11.9,1,0,0,0,0,0,0,0,0,0,9,288
247,0,优,6.79,5,155,50,38.75,55,40,4700,30,2350,624.88,0,0
248,0,良,4.38,1,50,50,50,0,0,3,3,1.5,1.5,2,505
249,0,良,4.15,7,186,95,62,91,60,1000,50,950,341.83,0,0
250,0,优,2.91,5,50,50,50,0,0,30,30,15,15,3,373
251,0,良,14.23,2,0,0,0,0,0,0,0,0,0,0,0
252,0,良,7.09,1,40,40,40,0,0,15000,15000,6000,6000,0,0
253,1,优,1.22,9,412.55,100,68.76,222.55,95.05,1000,30,190,92.67,0,0
254,0,良,0.24,2,50,50,50,50,50,100,100,50,50,0,0
255,0,优,2.35,1,20,20,20,0,0,3,3,0.6,0.6,0,0
256,0,优,3.88,1,100,100,100,0,0,100,100,100,100,5,196
257,0,良,6.11,14,207.72,100,69.24,165,100,1250,100,1000,533,0,0
258,0,,3.29,2,151,100,75.5,0,0,100,100,100,75.5,3,818
259,0,优,19.19,2,90,90,90,0,0,500,500,450,450,25,370
260,1,优,5.27,1,100,100,100,0,0,800,800,800,800,11,694
261,0,良,9.03,4,100,60,50,0,0,100,50,40,35,19,536
262,0,优,12.21,1,0,0,0,0,0,0,0,0,0,3,229
263,0,良,8.81,7,247.36,100,82.45,0,0,150,10,106,64.17,0,0
264,0,,0.74,0,0,0,0,0,0,0,0,0,0,0,0
265,0,优,3.95,1,20,20,20,0,0,500,500,100,100,0,0
266,0,良,8.47,1,37,30,18.5,0,0,500,200,60,47.5,0,0
267,0,良,7.54,2,89.7,89.7,89.7,89.7,89.7,301,301,270,270,0,0
268,0,优,13.3,1,10,10,10,0,0,100,100,10,10,8,222
269,0,良,2.74,4,110,70,36.67,70,70,100,50,70,33.33,4,530
270,0,良,0.33,4,133,100,44.33,0,0,1000,100,1000,516.5,0,0
271,0,,3.99,1,80,80,80,0,0,1000,1000,800,800,9,129
272,1,优,0.08,6,200,90,50,0,0,400,100,160,75,0,0
273,0,优,21.16,1,0,0,0,0,0,0,0,0,0,0,0
274,0,优,11.42,7,332.5,77.5,55.42,125,70,1000,100,775,216.67,0,0
275,1,良,4.81,7,218.5,98.5,43.7,50,50,100,3,98.5,26.4,0,0
276,0,良,14.61,8,522.16,98,52.22,380.31,98,4900,50,1863.6,400.24,25,545
277,0,优,17.27,4,184.2,80,61.4,0,0,4081.63,1000,2600,1666.67,7,181
278,0,良,1.57,1,0,0,0,0,0,0,0,0,0,0,0
279,0,优,10.07,5,95.69,,31.9,0,0,5100,10,800,402,26,107
280,0,优,4.35,1,100,,100,0,0,50,50,50,50,6,900
281,0,良,,2,61,,30.5,0,0,1000,50,30,20,0,0
282,0,,,3,110,,55,0,0,50000,1000,10000,5450,4,56
283,0,优,,2,0,,0,0,0,0,0,0,0,0,0
284,0,,,2,83.33,,83.33,0,0,300,300,250,250,0,0
285,0,良,,3,248,,82.67,0,0,1000,100,990,396,0,0
286,0,优,,5,262,,52.4,50,50,625,10,350,185,0,0
287,0,良,,10,0,0,0,0,0,0,0,0,0,4,392
288,0,优,,14,20,20,10,0,0,10000,1000,2700,1450,11,519
289,0,优,7.39,2,40,40,40,0,0,100,100,40,40,7,18
290,0,良,11.16,4,0,0,0,0,0,0,0,0,0,1,82
291,0,优,16.88,2,0,0,0,0,0,0,0,0,0,0,0
292,0,优,6.89,3,130,90,65,0,0,200,50,80,62.5,4,105
293,0,良,3.18,6,0,0,0,0,0,0,0,0,0,5,249
294,0,,1.9,4,170,100,85,0,0,50,50,50,42.5,0,0
295,0,优,16.01,0,0,0,0,0,0,0,0,0,0,0,0
296,0,良,23.28,2,100,80,50,20,20,50,50,40,25,10,28
297,0,良,0.31,13,170,89,56.67,2,2,4000,100,790,319.67,0,0
298,0,,14.46,1,10,10,10,0,0,6500,6500,65,65,57,93
299,0,良,2.96,4,100,100,100,100,100,50,50,50,50,0,0
300,0,良,8.06,2,200,100,100,0,0,2000,501,2000,1250.5,11,855
301,0,优,6.9,2,4,2,2,0,0,303,303,6.06,6.06,10,51
302,0,良,7.1,1,90,90,90,90,90,50,50,45,45,0,0
303,0,,7.9,5,0,0,0,0,0,0,0,0,0,13,895
304,0,优,4.11,3,179.86,99.86,89.93,80,80,700,10,699,353.5,8,1018
305,0,良,8.92,3,100,100,100,0,0,30,30,30,30,11,344
306,1,优,7.17,1,97,97,97,0,0,1000,1000,970,970,0,0
307,0,优,1.12,3,0,0,0,0,0,500,500,30,30,4,296
308,1,优,8.41,2,6.69,6.69,3.35,0,0,601,275,40.2,35.1,10,266
309,0,良,3.38,7,341.29,70,37.92,57,52,17400,50,5097,693.39,24,0
310,0,优,2.16,2,30,30,30,0,0,101,101,30.3,30.3,0,0
311,0,良,8.98,7,254.23,92,63.56,25,25,3164.8253,30,1494.7991,628.3,0,0
312,0,,9.12,0,200,100,100,0,0,2000,0,2000,1000,1,928
313,0,优,23.58,2,141.82,60,35.45,0,0,1100,50,363,132.48,3,717
314,0,良,0.67,3,143.3,100,47.77,0,0,2000,300,666,232,0,0
315,0,,2.98,2,100,100,100,0,0,300,300,300,300,9,78
316,0,优,2.47,2,100,100,100,0,0,200,200,200,200,14,1
317,0,良,6.38,5,140,100,70,40,40,803.0183,100,321.2073,210.6,0,0
318,0,,4.29,6,200,90,66.67,110,60,600,50,540,198.33,0,0
319,0,优,11.59,3,90,90,90,90,90,200,200,180,180,0,0
320,0,,2.14,2,5,5,5,0,0,700,700,35,35,0,0
321,0,良,3.17,1,50,50,50,0,0,200,200,100,100,5,677
322,0,优,7.4,1,70,70,70,0,0,300,300,210,210,0,0
323,0,良,3.82,2,40,20,20,0,0,100,10,20,11,0,0
324,0,良,19.43,6,250,100,62.5,0,0,77000,0,69300,17520,13,12
325,0,优,8.78,1,98,98,98,0,0,600,600,588,588,11,224
326,0,良,3.89,5,70,70,35,70,70,500,370,259,259,0,0
327,0,,14.71,2,60,60,60,0,0,50,50,30,30,0,0
328,0,优,11.95,1,5,5,5,0,0,128,128,6.4,6.4,0,0
329,0,良,1.6,6,359.5,100,51.36,60,60,1000,10,300,105,6,364
330,0,优,2.74,1,0,0,0,0,0,0,0,0,0,2,652
331,0,优,7.55,3,190,100,95,0,0,100,2,90,46,3,25
332,1,优,12.52,1,70,70,70,0,0,100,100,70,70,8,371
333,0,,1.31,4,103.57,98.57,51.78,0,0,350,10,345,172.75,0,0
334,0,,3.02,2,0,0,0,0,0,0,0,0,0,5,197
335,0,良,10.67,4,100,100,100,0,0,10,10,10,10,11,451
336,0,良,11.48,1,24,24,24,0,0,500,500,120,120,10,476
337,0,优,1.25,6,10,10,10,0,0,1500,1500,150,150,0,0
338,0,良,6.99,3,102,52,51,0,0,510,100,255,153.5,3,724
339,1,优,4.5,1,0,0,0,0,0,0,0,0,0,22,266
340,0,优,25.07,1,0,0,0,0,0,0,0,0,0,3,852
341,0,良,1.49,1,0,0,0,0,0,0,0,0,0,2,411
342,0,优,3.73,19,430,95,43,0,0,1000,100,950,169.1,7,73
343,0,优,4.27,1,20,20,20,0,0,50,50,10,10,13,87
344,0,良,13.54,1,90,90,90,0,0,1000,1000,900,900,23,204
345,0,,2.22,1,0,0,0,0,0,150,150,0,0,8,175
346,0,优,4.66,1,0,0,0,0,0,0,0,0,0,4,687
347,0,,19.68,1,50,50,50,0,0,200,200,100,100,5,854
348,0,,17.87,1,0,0,0,0,0,0,0,0,0,6,656
349,0,优,11.26,2,40,40,40,0,0,100,100,40,40,5,1215
350,1,优,11.3,16,468.92,100,66.99,0,0,5101,100,4794.94,1142.42,18,8
351,0,优,3.67,1,0,0,0,0,0,0,0,0,0,0,0
352,0,优,15.28,4,80,80,80,0,0,3000,3000,2400,2400,7,176
353,0,良,2.25,6,270,100,67.5,100,100,1000,10,500,158,2,167
354,0,优,12.12,4,180,90,60,40,40,500,50,450,165,0,0
355,0,优,2.65,3,100.04,100,50.02,0,0,5028000,100,2000,1050,0,0
356,0,良,1.06,2,146,95,73,95,95,108,100,95,75.04,0,0
357,0,优,4.53,2,100,50,50,50,50,100,20,50,30,0,0
358,1,良,6.56,4,0.15,0.15,0.07,0,0,2000,300,3,3,47,55
359,0,良,4.87,1,10,10,10,0,0,100,100,10,10,2,707
360,0,,17.11,2,130.56,55.56,43.52,80.56,55.56,100,50,50,37.5,11,287
361,0,优,3.01,10,130,50,32.5,130,50,200,10,100,39.25,0,0
362,0,良,6.74,6,0,0,0,0,0,0,0,0,0,0,0
363,0,,4.34,2,20,20,20,0,0,100000,100000,20000,20000,8,167
364,0,优,5.74,3,120,90,60,0,0,1000,300,300,285,7,313
365,0,良,7.1,1,100,100,100,100,100,0,0,38,38,0,0
366,0,,8.13,6,68.46,40,13.69,0,0,2000,5,100,30.36,9,1347
367,0,优,14.74,3,100,50,50,0,0,,50,150,87.5,4,217
368,0,良,3.07,0,0,0,0,0,0,,0,0,0,9,61
369,1,良,4.13,1,47,47,47,0,0,,2000,225,225,2,56
370,0,优,4.2,5,130,90,65,40,40,,10,5400,2702,28,132
371,0,良,10.86,3,124,75,62,0,0,,380,285,235.6,0,0
372,0,优,2.8,1,48.33,48.33,48.33,0,0,,1200,580,580,0,0
373,0,优,2.44,8,30,30,30,30,30,,10,3,3,0,0
374,0,,13.29,15,148.9,100,37.23,0,0,,100,188.9,119.52,5,252
375,0,优,18.22,2,0,0,0,0,0,,0,0,0,17,629
376,0,优,7.05,2,160,100,80,60,60,,154,300,227,0,0
377,0,良,2.8,2,66.25,60,33.12,0,0,,100,525,292.5,12,458
378,0,优,6.77,100,0,0,0,0,0,,0,0,0,10,262
379,0,优,8.7,0,0,0,0,0,0,,0,0,0,0,0
380,0,良,5.69,4,176.67,66.67,58.89,0,0,,3,250,86,4,0
381,0,良,6.11,3,110,80,55,0,0,,1000,800,550,4,464
382,0,优,15.78,1,0,0,0,0,0,,0,0,0,19,197
383,0,良,18.43,2,99.23,99.23,99.23,0,0,,2326,2308,2308,0,0
384,0,良,9.59,2,140,100,70,0,0,,1200,1200,840,2,1321
385,0,,3.21,6,110,100,55,0,0,,10,50,25.5,4,89
386,0,,13.1,1,0,0,0,0,0,,0,0,0,4,406
387,0,,9.33,11,394.39,100,78.88,0,0,,30,300,108.38,11,409
388,0,优,8.96,5,263,98,87.67,0,0,,50,2440,1050.67,0,0
389,0,良,2.11,7,535.36,100,89.23,0,0,,10,2656.17,490.53,19,257
390,0,优,5.62,1,0,0,0,0,0,,0,0,0,0,0
391,1,良,1.62,1,100,100,100,100,100,,1310,1310,1310,0,0
392,0,良,4.35,1,100,100,100,0,0,,10,10,10,2,735
393,0,优,6.98,7,309.5,90,44.21,0,0,,3,16200,2386.01,4,469
394,0,优,11.36,1,79.8,79.8,79.8,0,0,,1010,806,806,14,501
395,0,良,3.45,4,290,100,96.67,290,100,,50,100,81.67,0,0
396,1,良,15.49,3,87.24,46,21.81,0,0,,52,460,218.41,11,553
397,0,优,0.78,5,260,100,52,0,0,,500,3150,2060,0,0
398,0,良,2.45,3,60,60,30,0,0,,10,292.5,149.25,0,0
399,0,良,2.4,1,40,40,40,0,0,,5,2,2,0,0
400,0,优,2.51,1,80,80,80,0,0,,100,80,80,10,110
401,1,优,5.16,1,80,80,80,0,0,700,700,560,560,8,484
402,0,优,1.67,3,0,0,0,0,0,0,0,0,0,40,278
403,0,,5.14,4,273.5,90,54.7,90,90,100,10,55,32.1,4,466
404,0,良,15.58,9,384,60,48,144,60,3000,20,990,200.03,8,388
405,0,,9.26,19,50.33,50,25.16,0,0,300,0,25,13,8,97
406,0,优,13.18,3,0,0,0,0,0,3000,2000,2000,1060,3,275
407,0,良,3.52,0,0,0,0,0,0,0,0,0,0,0,0
408,0,优,2.82,1,90,90,90,0,0,2000,2000,1800,1800,3,108
409,0,优,0.73,2,100,100,50,0,0,50,3,50,26.5,0,0
410,0,良,5.67,5,206,100,41.2,51,51,1000,20,100,43.2,0,0
411,0,,5.48,4,100,90,50,0,0,,500,450,255,4,423
412,0,优,4.45,2,130.8,70,65.4,0,0,,50,140,85.2,0,0
413,0,良,2.22,2,80,80,80,0,0,,62,49.6,49.6,0,0
414,0,,16.27,2,30,30,30,0,0,,500,150,150,18,125
415,0,优,8.02,3,86.67,86.67,86.67,0,0,,600,520,520,9,502
416,0,,9.11,1,90,90,90,0,0,,50,45,45,0,0
417,0,优,10.57,19,0,0,0,0,0,,0,0,0,0,0
418,1,优,9.61,4,120,80,40,20,20,,25,100,47.99,3,51
419,0,良,14,0,100,100,100,0,0,0,0,28,28,0,0
420,0,,9.39,1,100,,50,50,50,1000,60,500,265,0,0
421,0,优,2.64,4,30,,30,0,0,2000,2000,600,600,0,0
422,0,良,13.13,5,100,,50,0,0,100,50,50,37.5,4,611
423,0,,,1,100,,100,0,0,480,480,480,480,0,0
424,0,优,,2,60,,60,60,60,50,50,30,30,5,526
425,0,良,,3,50,,50,0,0,1000,1000,500,500,7,16
426,0,,,5,302,,75.5,70,70,2000,30,2000,747.75,7,1157
427,0,优,,7,467,,66.71,245,90,1000,50,400,135.64,4,255
428,0,良,,10,390,100,48.75,50,50,9300,30,4650,668.09,7,623
429,0,,,4,80,70,26.67,10,10,2000,15,756,253.5,0,0
430,0,优,,6,50,50,50,50,50,100,100,50,50,0,0
431,0,良,5.48,1,100,100,100,0,0,200,200,200,200,0,0
432,0,,12.35,1,170,90,56.67,90,90,50,50,45,28.33,5,161
433,1,良,3.55,2,84,50,42,84,50,50,50,25,21,0,0
434,0,良,5.77,9,533,100,76.14,200,80,1500,50,1485,428.14,6,993
435,0,优,2.18,2,35,30,17.5,0,0,200,100,60,32.5,0,0
436,0,优,3.88,2,155,95,77.5,0,0,300,100,285,172.5,9,275
437,0,良,10.82,7,242.87,92,48.57,0,0,13000,50,5084.7,1563.33,24,584
438,0,,18.1,7,168,100,28,20,20,10000,100,800,336.67,10,167
439,0,优,7.63,2,185,100,61.67,0,0,1000,100,500,240,8,558
440,0,良,4.81,2,100,100,100,0,0,50,50,50,50,0,0
441,0,,4.59,2,0,0,0,0,0,0,0,0,0,0,0
442,0,优,2,4,3,3,1.5,0,0,1000,600,30,30,0,0
443,0,良,1.05,2,80,60,40,20,20,50,50,30,20,13,42
444,0,,20.35,2,0,0,0,0,0,200,200,200,200,3,127
445,0,优,11.4,5,290.92,95,72.73,95,95,4000,301,3077,1368.14,5,237
446,0,良,16.12,8,167.1929,86.67,55.73,80,80,91800,500,4420,1766.67,34,29
447,0,优,6.26,9,252,100,63,50,50,300,30,153,79.58,2,405
448,0,优,6.02,2,100,100,100,0,0,50,50,50,50,0,0
449,0,良,12.21,1,0,0,0,0,0,0,0,0,0,0,0
450,0,良,0.59,4,0,0,0,0,0,0,0,0,0,0,0
451,0,优,5.19,3,154,84,77,70,70,1000,100,840,455,13,250
452,0,良,10.55,3,80,35,26.67,15,15,4600,50,1610,584.17,0,0
453,1,良,6.55,2,65,65,65,0,0,500,500,325,325,0,0
454,0,优,15.25,6,108.38,76.67,36.13,30,30,1054,50,230,87.67,0,0
455,0,良,5.27,3,10,10,10,0,0,200,200,20,20,14,79
456,0,,12.13,5,201.5657,80,28.8,114,80,5040,0,1722.96,314.21,38,17
457,1,良,17.39,2,0,0,0,0,0,0,0,0,0,1,3148
458,0,良,12.77,3,100,100,100,0,0,1630,1630,1630,1630,5,525
459,0,,7.17,1,0,0,0,0,0,0,0,0,0,2,727
460,0,优,13.5,2,50,50,50,50,50,0,0,5,5,0,0
461,1,良,6.99,3,125,75,62.5,0,0,500,200,250,200,0,0
462,0,优,13.85,6,0,0,0,0,0,0,0,0,0,3,460
463,0,优,5.78,6,270,100,67.5,100,100,1000,10,500,158,3,742
464,0,良,4.95,7,0,0,0,0,0,0,0,0,0,31,308
465,0,良,8.12,1,50,50,50,0,0,500,500,250,250,2,1067
466,0,优,6.76,3,170,100,56.67,0,0,500,200,200,150,9,315
467,0,良,6.77,1,0,0,0,0,0,0,0,0,0,0,0
468,0,优,1.18,22,0,0,0,0,0,0,0,0,0,4,86
469,0,优,13.41,0,0,0,0,0,0,0,0,0,0,2,477
470,0,良,5.3,0,0,0,0,0,0,0,0,0,0,0,0
471,1,优,9.2,9,541,100,67.62,33,33,3000,50,1530,323.9,7,160
472,0,优,2.03,3,100,100,50,100,100,50,50,100,50,0,0
473,0,良,10.89,3,177.5,87.5,59.17,87.5,87.5,5000,50,4000,1568.33,16,312
474,1,优,2.04,4,244,100,81.33,48,48,300,50,288,170.67,0,0
475,0,优,3.93,1,20,20,20,0,0,1000,1000,200,200,6,426
476,1,良,3.62,1,20,20,20,20,20,500,500,100,100,8,153
477,0,良,23.5,0,0,0,0,0,0,0,0,0,0,4,395
478,0,优,10.35,5,120.33,80,60.16,80,80,6956.2956,100,2805.6,1442.8,0,0
479,1,,13.34,24,913.81,94.4,53.75,130.49,80,10000,10,9440,2408.14,0,0
480,0,良,6,7,178,89,59.33,0,0,1000,300,890,652.33,0,0
481,0,,2.29,5,88,48,44,0,0,10000,500,4000,2120,11,44
482,1,良,5.33,7,415,94,69.17,181,70,3000,50,2820,613.42,5,80
483,0,良,11.92,5,210,100,70,0,0,1000,200,500,373.33,2,1370
484,0,优,11.87,17,385,100,77,160,100,7000,500,4200,2010,5,140
485,0,良,8.57,1,100,100,100,0,0,150,150,150,150,4,604
486,0,优,10.76,2,0,0,0,0,0,500,500,0,0,0,0
487,0,优,13.67,10,215.05,50,23.89,50,50,6000,50,2580,308.95,10,148
488,0,良,17.58,6,265,100,44.17,55,55,1000,300,500,220.83,12,272
489,0,良,25.02,7,521.31,98,74.47,89,89,13500,10,12015,2348.99,17,109
490,0,优,9.96,1,0,0,0,0,0,0,0,0,0,0,0
491,0,良,12.39,5,178,50,44.5,0,0,1000,5,500,135.94,2,238
492,0,良,15.26,2,140,90,70,0,0,2003,1000,1001.5,950.75,6,247
493,1,良,16.81,1,0,0,0,0,0,4000,4000,0,0,4,117
494,0,良,10.94,1,50,50,50,0,0,300,300,145,145,4,504
495,0,,14.14,5,268.3,80,38.33,131.2,80,2000,80,1600,410.86,6,1061
496,1,优,1.88,1,60,60,60,0,0,20,20,12,12,0,0
497,0,良,1.4,0,0,0,0,0,0,0,0,0,0,0,0
498,0,优,4,5,145.44,60,48.48,0,0,900,500,500,316.67,0,0
499,0,优,10.98,1,0,0,0,0,0,0,0,0,0,0,0
500,0,良,5.57,1,65,65,65,0,0,200,200,130,130,15,735
501,0,,8.27,23,0,0,0,0,0,0,0,0,0,0,0
502,0,,24.53,6,195,80,65,45,45,1000,30,800,423.67,0,0
503,0,良,4.85,3,169,99,84.5,0,0,10000,100,9900,4985,0,0
504,0,优,3.5,2,25,25,25,25,25,10,10,2.5,2.5,11,199
505,0,优,1.71,5,409,100,68.17,70,70,1000,50,1000,305.67,3,584
506,0,良,5.4,1,10,10,10,10,10,1000,1000,100,100,0,0
507,0,,5.48,0,0,0,0,0,0,0,0,0,0,0,0
508,0,优,10.18,4,161.63,90,32.33,67,48,2000,50,446,144.25,1,94
509,0,良,2.1,1,40,40,40,40,40,50,50,20,20,0,0
510,1,良,16.75,3,155.91,65.91,38.98,90,50,2500,30,725,403.75,26,50
511,0,优,0.18,1,0,0,0,0,0,0,0,0,0,0,0
512,0,良,32.48,2,2,2,2,2,2,3000,3000,60,60,2,32
513,0,优,0.58,7,150,100,75,0,0,2500,1500,1500,1375,0,0
514,0,优,3.52,3,130,80,43.33,0,0,2160,50,2160,995,0,0
515,0,良,1.65,3,150,50,50,100,50,30,10,15,8.33,4,50
516,0,良,11.31,6,100.75,60,16.79,18.5,17.5,1000,3,300,71.64,1,678
517,1,良,6.9,1,90,90,90,90,90,50,50,45,45,0,0
518,0,良,13.67,2,133.33,100,66.66,100,100,50,3,16.6668,9.83,0,0
519,0,优,9.08,1,0,0,0,0,0,0,0,0,0,1,243
520,0,优,20.18,0,0,0,0,0,0,0,0,0,0,4,318
521,0,良,4.18,4,0,0,0,0,0,0,0,0,0,9,323
522,0,优,18.2,1,88.62,44.31,44.31,0,0,3000,73.3,1329.3,680.89,0,0
523,0,优,2.28,2,,100,75.5,100,100,100,10,51,30.5,0,0
524,1,良,2.49,4,,100,50,0,0,100,50,100,46.67,0,0
525,0,良,4.7,1,,60,60,0,0,2000,2000,1200,1200,4,221
526,0,优,7.06,1,,50,40,50,50,60,50,25,21.5,6,335
527,0,良,15.93,6,,52,52,0,0,650,650,338,338,8,953
528,0,良,16.33,3,,100,55,0,0,100,50,100,52.5,0,0
529,0,优,9.42,2,,0,0,0,0,0,0,0,0,10,135
530,0,,6.52,18,,80,61,122.01,80,2000,2000,840.2,440.1,18,272
531,0,良,2.14,2,,50,45,0,0,100,100,50,45,9,420
532,0,,2.04,2,,50.2,50.2,0,0,2500,2500,1255,1255,16,45
533,0,良,7.94,4,,70.5,67.75,0,0,200,50,141,113,0,0
534,0,良,13.74,3,,0,0,0,0,0,0,0,0,15,22
535,0,优,3.88,7,,100,72,144,100,500,123,220,171.5,0,0
536,0,良,33.26,1,,0,0,0,0,0,0,0,0,8,334
537,0,优,4.42,7,,0,0,0,0,0,0,0,0,12,17
538,0,优,8.43,1,,0,0,0,0,0,0,0,0,0,0
539,0,良,17.07,2,,0,0,0,0,0,0,0,0,2,207
540,0,良,7.63,1,,73.5,73.5,0,0,8010,8010,5887.35,5887.35,0,0
541,0,优,14.38,6,,100,59.71,230,100,1000,50,800,173.71,8,130
542,0,良,11.83,2,,90,33.25,31,31,200,80,180,64.1,6,36
543,0,良,11.39,3,,100,80,60,60,500,,300,150,0,0
544,0,优,7.79,3,0,0,0,0,0,0,,0,0,12,232
545,0,良,0.93,1,90,90,90,0,0,200,,180,180,0,0
546,0,优,7.06,47,370.45,90,46.31,100,90,3000,,500,181.99,0,0
547,0,优,11,1,90,90,90,0,0,2500,,2250,2250,26,605
548,0,良,0.16,1,100,100,100,0,0,1000,,1000,1000,0,0
549,0,,9.12,2,92,92,92,0,0,50,,46,46,10,181
550,0,优,9.43,1,86,80,,0,0,1000,,80,43.67,3,260
551,0,良,10,100,301.63,49.02,,74.5,45,200000,,26127.3168,2854.63,0,0
552,0,,11.28,2,,50,,30,30,500,50,250,138.33,7,113
553,0,优,15.97,3,,30.11,,0,0,2188,2188,658.8,658.8,12,83
554,0,良,11.75,1,,10,,0,0,2000,2000,200,200,0,0
555,0,优,10.97,1,,50,,0,0,50,50,25,25,4,55
556,0,优,50.84,4,,0,0,0,0,0,0,0,0,17,148
557,0,良,7.89,2,,95,72.5,50,50,5050,50,4797.5,2411.25,2,366
558,0,良,14.25,0,,0,0,0,0,0,0,0,0,4,511
559,0,优,0.9,1,,100,100,0,0,500,500,500,500,0,0
560,0,良,18.61,5,250,100,83.33,0,0,460,100,400,279.33,10,367
561,0,优,0.21,2,100,100,100,100,100,15,15,15,15,0,0
562,0,优,6.92,0,0,0,0,0,0,0,0,0,0,0,0
563,0,良,15.4,1,93.33,60,46.66,60,60,600,50,200,115,11,67
564,0,优,1.12,1,100,100,100,0,0,80,80,80,80,0,0
565,0,优,8.8,3,80,80,80,0,0,50,50,40,40,0,0
566,0,良,5.93,3,60,60,60,60,60,100,100,60,60,0,0
567,0,良,15.3,2,58.06,51,29.03,0,0,2150,0,1096.5,1048.25,14,136
568,0,优,2.13,0,100,100,100,100,100,0,0,0,0,0,0
569,0,良,0.19,4,210.32,80.32,70.11,50,50,2500,3,2000,803.17,0,0
570,0,良,10.64,3,89.81,45,22.45,28,28,1000,300,450,160.25,9,27
571,0,优,11.74,2,80,80,80,0,0,10,10,8,8,4,3396
572,0,,,2,105,40,26.25,65,40,6118,50,2447.2,629.3,0,0
573,0,良,,4,226.49,100,56.62,125,100,1000,8,500,143.12,0,0
574,0,,,1,100,100,100,0,0,200,200,200,200,0,0
575,0,良,,2,100,100,100,0,0,400,400,400,400,5,1
576,0,良,,2,10,5,5,5,5,500,1,25,12.53,14,133
577,0,优,,1,100,100,100,0,0,800,800,800,800,2,479
578,0,良,,5,118.6,50,39.53,68.6,48.6,5200,50,2600,1194,9,123
579,0,优,,11,321.58,93.55,53.6,25,25,1200,60,1100,258.33,0,0
580,0,优,,25,307.95,85,34.22,105,85,10000,50,5840,1857,0,0
581,0,良,,7,325.67,94.17,81.42,0,0,300,200,282.5,186.38,0,0
582,0,良,,1,95,95,95,0,0,1000,1000,950,950,0,0
583,0,优,,2,150,100,75,0,0,1000,100,500,300,21,16
584,0,良,,1,100,100,100,0,0,66.6,66.6,66.6,66.6,5,687
585,0,良,,9,150,80,37.5,60,50,1000,3,500,175.6,5,584
586,0,优,,3,160,100,80,0,0,1000,50,1000,515,9,287
587,0,,,2,60,60,60,0,0,1000,1000,600,600,0,0
588,0,,,4,101,90,33.67,0,0,1480,500,450,174.93,31,26
589,0,,,5,150,100,75,0,0,,100,100,75,0,0
590,0,,,3,181,100,60.33,0,0,,100,600,403.33,0,0
591,0,,,3,116.75,47.75,29.19,49,39,,100,477.5,224.38,0,0
592,0,,,9,171.63,100,57.21,160,100,,30,759.9,283.3,6,543
593,0,良,,3,335,100,83.75,100,100,,18,274.55,82.64,0,0
594,0,优,1.32,2,0,0,0,0,0,,0,0,0,0,0
595,0,优,9.09,2,0,0,0,0,0,,0,0,0,3,902
596,0,良,16.39,5,191,70,38.2,60,60,,100,2870,696.6,0,0
597,0,,30.42,8,125,50,25,5,5,,50,900,301,5,663
598,0,优,2.19,12,285,90,47.5,30,20,,10,850,318.5,2,12
599,0,良,7.15,2,100,100,100,0,0,,50,50,50,14,420
600,0,,13.96,3,100,100,100,0,0,,1630,1630,1630,5,104
601,0,优,8,2,110,100,55,10,10,,500,1000,525,10,33
602,0,良,8.27,2,105,50,35,30,30,,50,315,196.67,5,424
603,0,优,12.58,2,128.27,100,64.14,0,0,,998,998,726.28,11,601
604,0,优,15.3,4,167.2,70,55.73,70,70,,100,600,347.33,6,213
605,0,良,0.11,6,110,100,55,0,0,,200,500,350,0,0
606,0,良,7.33,1,100,100,100,0,0,,66,66,66,4,174
607,0,优,8.98,7,107,80,53.5,0,0,,50,80,46.75,8,308
608,0,良,21.35,10,260.5,100,52.1,80,45,80000,100,4000,956,32,483
609,0,优,8.6,1,50,50,50,0,0,100,100,50,50,0,0
610,0,优,6.35,2,81.53,80,40.77,0,0,4900,100,80,77.5,4,852
611,0,良,6.27,1,80,80,80,0,0,50,50,40,40,9,184
612,0,优,23.3,2,74,49,37,49,49,100,50,25,24.75,3,233
613,0,优,11.89,4,240,90,60,180,90,3000,50,1800,487.5,0,0
614,0,良,6.3,1,40,40,40,0,0,100,100,40,40,4,896
615,0,良,5.44,5,185,100,46.25,0,0,300,100,100,61.67,7,518
616,0,优,17.93,13,210,90,52.5,0,0,500,50,250,93.75,3,515
617,0,良,12.46,11,483.33,80,60.42,20,20,5000,100,4000,838.45,10,135
618,1,良,9.7,2,0,0,0,0,0,0,0,0,0,56,1566
619,0,优,10.08,4,192.3,60,48.08,81.3,48,1000,50,600,166.54,4,290
620,0,,10.75,1,94.34,94.34,94.34,0,0,530,530,500,500,23,291
621,0,良,10.25,2,0,0,0,0,0,0,0,0,0,12,619
622,0,,3.69,1,100,100,100,0,0,500,500,500,500,13,98
623,0,良,7.04,2,0,0,0,0,0,3480,3480,1232.4,1232.4,0,0
624,0,良,7.18,3,70,70,70,0,0,100,100,70,70,2,70
625,0,优,12.35,4,290,99,72.5,50,50,501,50,495.99,180.5,8,91
626,0,良,3.35,7,176.4,95,44.1,19,19,100,50,50,32.23,0,0
627,0,优,7.99,3,159,99,53,20,20,300,5,120,73.33,6,657
628,0,优,7.84,2,50,50,50,0,0,50,50,25,25,0,0
629,1,良,3.71,5,359,100,51.29,55,35,2000,10,500,167.77,0,0
630,0,良,4.28,5,180.91,98,60.3,60,60,1000,50,980,413.03,11,506
631,0,优,4.42,5,144,72,72,144,72,50,50,36,36,5,1011
632,0,良,13.89,5,100,100,100,0,0,450,450,450,450,10,52
633,0,良,7.6,4,70,70,35,0,0,2272.73,50,83.33,59.16,0,0
634,0,优,7.21,1,0,0,0,0,0,0,0,0,0,8,830
635,0,,6.74,1,95,95,95,0,0,200,200,190,190,0,0
636,0,优,10.88,4,111.23,60.23,37.08,51,51,12960,50,6011.69415,2213.17,0,0
637,0,良,5.35,6,386.64,88.64,64.44,138,68,1232,50,1092,501.17,0,0
638,0,,3.47,4,150,100,75,0,0,100,10,50,30,8,315
639,0,优,8.39,7,240,100,60,0,0,2000,50,2000,617.5,0,0
640,0,良,3.85,2,100,100,100,100,100,1000,1000,1000,1000,8,844
641,0,,1.66,1,0,0,0,0,0,0,0,0,0,0,0
642,0,优,6.04,20,254,90,42.33,70,70,60000,0,54000,10480,0,0
643,0,良,3.68,5,158.3,100,52.77,0,0,300,50,300,122.22,9,277
644,0,优,8.04,1,80,80,80,0,0,200,200,160,160,2,367
645,0,优,16.58,1,0,0,0,0,0,0,0,0,0,0,0
646,1,良,4.66,1,100,100,100,0,0,10,10,10,10,3,491
647,0,,11.99,1,50,50,50,0,0,500,500,250,250,0,0
648,0,优,7.54,3,190,100,95,0,0,100,60,100,77,3,393
649,0,良,16.83,3,70,70,70,0,0,50,50,35,35,4,174
650,0,良,2.76,1,100,100,100,0,0,1000,1000,1000,1000,0,0
651,0,优,13.35,2,190,100,95,0,0,1000,30,900,465,5,333
652,1,优,2.5,1,50,50,50,50,50,10,10,5,5,3,33
653,0,良,10.81,4,211,60,52.75,110,60,500,3,255,94.7,8,379
654,0,优,7.82,0,94,94,94,0,0,900,900,846,846,0,0
655,0,良,14.33,1,0,0,0,0,0,0,0,0,0,2,637
656,0,优,8.21,3,100,100,100,0,0,300,300,300,300,0,0
657,0,优,17.82,10,56.76,56.76,56.76,0,0,7664.5,7664.5,4350,4350,22,174
658,0,良,11.16,0,0,0,0,0,0,0,0,0,0,4,90
659,0,,8.47,9,302.4,33.4,27.49,33,33,28000,5,1250.7,164.59,8,551
660,0,优,3.02,1,0,0,0,0,0,0,0,0,0,0,0
661,0,良,2.35,2,0,0,0,0,0,0,0,0,0,0,0
662,0,良,1.55,6,278,100,92.67,0,0,5000,1000,4000,1993.33,13,542
663,0,优,12.87,2,146,70,48.67,0,0,50,0,195,85.17,16,359
664,0,良,3.84,4,0,0,0,0,0,0,0,0,0,0,0
665,0,,4.61,2,20,20,20,0,0,50,50,10,10,1,762
666,1,良,7.02,4,80,80,80,0,0,1000,1000,800,800,10,117
667,0,良,6,2,83.33,50,41.66,33.33,33.33,50,30,25,17.5,0,0
668,0,良,9.08,4,5,5,5,0,0,100,100,5,5,0,0
669,0,优,4.6,5,53.75,43.75,26.88,10,10,100,52.4778,22.9588,16.48,23,45
670,0,良,24.73,5,0,0,0,0,0,0,0,0,0,4,104
671,1,优,3.9,4,100,100,100,0,0,1000,1000,1000,1000,0,0
672,0,,20.98,2,22,22,22,0,0,730,730,160.6,160.6,5,159
673,0,良,11.41,12,437.27,77.27,54.66,427.27,77.27,2116,15,211.6,69.83,0,0
674,0,优,2.47,2,199.9,100,99.95,0,0,3000,200,2997,1598.5,0,0
675,0,优,13.4,2,100,100,100,0,0,0,0,0,0,11,1140
676,0,良,2.57,3,0,0,0,0,0,0,0,0,0,7,419
677,0,良,1.98,3,25,25,25,0,0,1038,1038,259.5,259.5,18,45
678,0,优,11.42,7,130,55,32.5,0,0,6800,50,340,136.25,0,0
679,0,良,1.6,4,115,70,38.33,0,0,1000,100,350,191.67,2,174
680,0,优,0.14,1,100,100,100,0,0,1000,1000,1000,1000,0,0
681,1,优,4.34,1,100,100,100,100,100,50,50,50,50,0,0
682,0,良,5.1,3,101.67,51.67,50.84,0,,300,10,155,80,0,0
683,0,,34.89,9,0,0,0,0,,0,0,0,0,8,144
684,0,优,7.06,1,20,20,20,0,,250,250,50,50,11,637
685,0,,2.48,3,170,100,85,0,,100,50,100,67.5,0,0
686,0,良,3.31,0,0,0,0,0,,0,0,0,0,0,0
687,0,优,1.22,1,90,90,90,90,,100,100,90,90,0,0
688,0,良,9.77,5,255.92,100,85.31,0,,1200,79.8,1032,395.93,0,0
689,0,优,0.06,1,100,100,100,0,,500,500,500,500,0,0
690,0,优,8.36,19,202.71,90,33.78,174.48,,5321.7,100,970,298.74,7,269
691,0,良,12.36,3,0,0,0,0,,0,0,0,0,0,0
692,0,优,5.92,3,195,95,65,0,,100,3,95,40.83,10,220
693,0,优,13.98,1,50,40,25,40,,806,5,80.6,41.3,0,0
694,0,良,7.85,3,129,99,64.5,0,,100,50,99,57,0,0
695,0,,8.28,8,457,99,38.08,0,,3000,50,2700,615.93,17,67
696,0,优,8.89,1,0,0,0,0,,0,0,0,0,0,0
697,1,良,1.65,1,51,50,25.5,0,,50,50,25,12.75,0,0
698,0,良,2.93,6,188.57,100,47.14,28.57,,2000,60,2000,805,5,225
699,0,,19.86,1,80,80,80,0,,50,50,40,40,0,0
700,0,良,2.7,1,0,0,0,0,,2000,2000,0,0,0,0
701,0,良,8.63,3,60,60,60,0,,100,100,60,60,0,0
702,0,优,3.56,1,60,60,60,0,,1000,1000,600,600,5,114
703,0,良,7.87,5,240,100,80,100,,100,10,50,35,0,0
704,0,,18.07,1,0,0,0,0,0,0,0,0,0,18,37
705,0,优,5.93,1,100,100,100,0,0,50,50,50,50,7,80
706,0,良,1.3,13,230,70,46,80,70,100,3,50,21.76,0,0
707,0,良,23.54,9,450,100,75,0,0,600,100,360,125,10,323
708,0,优,0.5,1,100,100,100,0,0,100,100,100,100,0,0
709,0,良,4.79,1,95,95,95,0,0,50,50,47.5,47.5,0,0
710,0,良,9.67,4,0,0,0,0,0,0,0,0,0,15,225
711,0,优,15.66,2,100,100,100,0,0,12000,12000,12000,12000,6,5
712,0,良,12.58,2,25,20,12.5,0,0,2000,100,100,60,5,448
713,0,,,3,65,30,16.25,45,30,1000,10,200,53.88,0,0
714,0,优,,1,0,0,0,0,0,0,0,0,0,0,0
715,0,良,,1,20,20,20,0,0,50,50,10,10,13,473
716,0,,,1,0,0,0,0,0,0,0,0,0,3,819
717,0,优,,3,225.16,100,75.05,100,100,1200,30,,433.27,7,149
718,0,良,,3,1.1,0.55,0.55,0,0,3000,3000,,16.5,0,0
719,0,,,18,457.7,99.74,45.77,0,0,271678.4786,300,,5825.88,20,292
720,0,优,3.97,2,100,100,100,0,,1500,1500,,1500,1,139
721,0,,3.07,1,0,0,0,0,,0,0,,0,5,55
722,1,优,13.12,10,595,,74.38,0,,5000,100,,860,11,103
723,1,优,18.3,,280,,93.33,90,,510,30,,195.33,0,0
724,0,良,1.28,,100,,100,0,,600,600,600,600,27,348
725,0,良,9.53,,85,,85,0,,300,300,255,255,11,514
726,0,优,3.16,,90,,90,0,,3,3,2.7,2.7,0,0
727,0,良,9.28,16,163,,54.33,0,,3000,300,1005,668,0,0
728,0,,1.61,7,177.74,63.67,25.39,70,51,6000,1,3820,782.64,0,0
729,0,优,25.84,1,35,35,35,0,0,1000,1000,350,350,6,898
730,0,良,5.55,2,130,100,65,30,30,500,12,500,251.8,0,0
731,0,优,11.32,2,20,20,20,0,0,5050,5050,1010,1010,4,147
732,0,优,3.66,2,50,50,50,0,0,5,5,2.5,2.5,0,0
733,0,良,14.92,1,0,0,0,0,0,500,500,0,0,8,793
734,0,,7.39,6,400,99,80,80,80,600,50,306,121.5,6,642
735,1,,6.22,1,60,60,60,0,0,1000,1000,72,72,0,0
736,0,良,5.91,17,220,100,73.33,30,30,1000,100,1000,463.33,18,732
737,1,良,0.79,3,124,65,41.33,55,55,1000,100,650,241.67,0,0
738,0,优,9.55,3,110,60,55,0,0,5018,50,1210.8,617.9,1,330
739,0,良,8.97,1,80,80,80,0,0,50,50,40,40,0,0
740,0,优,5.52,4,213.33,100,53.33,0,0,3000,500,1600,675,4,67
741,1,良,4.09,3,0,0,0,0,0,0,0,0,0,5,43
742,0,良,7.82,1,140,100,70,40,40,100,50,100,60,0,0
743,1,优,4.31,3,190,100,63.33,0,0,500,3,100,46,13,429
744,0,优,8.05,10,252.29,90,31.54,69,49,28000,300,2952,667.55,3,368
745,0,良,12.26,3,105,80,52.5,25,25,308,208,166.4,121.7,8,36
746,0,,2.9,0,0,0,0,0,0,0,0,8,8,0,0
747,0,优,7.59,2,51,51,51,0,0,1045,1045,76.5,76.5,0,0
748,0,,5.45,11,65,65,65,65,65,100,100,65,65,0,0
749,0,,4.12,1,80,80,80,0,0,500,500,400,400,8,293
750,0,优,7.04,3,0,0,0,0,0,0,0,0,0,7,53
751,0,良,10.5,3,170,90,85,0,0,50,10,45,26.5,0,0
752,1,优,13.95,5,413,100,68.83,136,95,900,30,900,230.88,13,78
753,0,优,13.73,3,38.76,30,12.92,30,30,2580,500,150,113.99,0,0
754,0,良,2.07,6,50,40,16.67,0,0,300,100,120,65,0,0
755,0,优,7.35,6,0,0,0,0,0,0,0,0,0,0,0
756,1,优,13.12,2,0,0,0,0,0,0,0,0,0,3,1765
757,0,良,10.01,3,210,80,70,0,0,300,10,240,98.33,7,27
758,0,优,6.95,1,70,70,70,0,0,30,30,21,21,10,57
759,0,优,10.44,3,20,20,20,20,20,100,100,20,20,0,0
760,0,良,7.3,7,32,20,8,0,0,15000,50,2240,601.25,5,709
761,0,,3.66,4,10,10,10,10,10,50,50,5,5,7,915
762,0,优,8.32,2,0,0,0,0,0,0,0,0,0,7,260
763,0,良,3.76,1,60,60,60,0,0,50,50,30,30,12,245
764,0,,11.98,7,58.17,50,29.09,50,50,310,300,155,89.75,16,27
765,0,优,3.18,5,340,100,68,60,60,1000,50,450,133,0,0
766,0,良,10.22,2,194.57,100,97.28,0,0,2189,552,2189,1355.5,27,29
767,0,,15.35,2,100,60,50,0,0,3000,1500,1200,1050,0,0
768,0,优,2.98,2,160,80,80,160,80,500,50,400,220,0,0
769,0,良,16.41,9,302.47,100,37.81,9,9,13350,0,913,264.32,3,90
770,0,优,5.57,3,141,90,70.5,0,0,2000,100,1800,925.5,2,1187
771,0,优,12.02,6,119.17,64.9,39.72,0,0,10456.42,50,6490,2655.53,4,227
772,0,良,1.97,2,219.5,97.83,73.17,0,0,800,30,440,190.83,0,0
773,0,优,7.52,1,70,70,70,0,0,530,530,371,371,0,0
774,0,优,4.24,5,270,100,90,0,0,1000,10,1000,344.33,8,363
775,0,,8.36,5,67,30,22.33,30,30,500,10,135,49.33,0,0
776,0,优,9.13,8,261.5,95,37.36,74,50,2000,30,1400,318.57,32,129
777,0,优,3.19,1,30,30,30,0,0,500,500,150,150,11,125
778,0,良,10.05,4,100,100,100,0,0,2800,2800,2800,2800,3,1082
779,0,优,6.41,2,100,100,100,0,0,100,100,100,100,22,68
780,0,优,0.68,1,100,100,100,0,0,1000,1000,1000,1000,0,0
781,0,良,9.02,3,114.28,50,38.09,50,50,502,10,251,85.81,0,0
782,0,良,13.2,10,408.51,100,40.85,86,51,1300,10,390,96.63,0,0
783,0,优,9.96,4,50,50,50,0,0,1000,1000,500,500,14,142
784,0,良,12.31,1,0,0,0,0,0,0,0,0,0,1,592
785,0,良,10.62,3,175,50,43.75,25,25,100,0,52.5,24.38,8,39
786,0,,1.98,1,0,0,0,0,0,0,0,0,0,0,0
787,0,,5.17,3,198,100,66,0,0,50,20,50,28.1,0,0
788,0,,21.41,1,0,0,0,0,0,0,0,0,0,15,604
789,0,优,16.67,6,50,50,25,50,50,89397.8686,100,50,50,23,287
790,0,良,15.71,2,100,100,100,0,0,150,150,150,150,0,0
791,0,优,2.54,3,199.8,100,99.9,100,100,500,0,499,252,0,0
792,0,优,12.32,4,243.33,100,60.83,0,0,1400,30,700,198.33,0,0
793,0,良,16.92,4,290.32,100,72.58,0,0,7000,100,2035,996.25,5,602
794,0,优,18.12,1,0,0,0,0,0,0,0,0,0,2,561
795,0,优,1.92,2,95,95,95,0,0,100,100,95,95,0,0
796,0,良,2.77,9,453.99,100,90.8,155,80,4600,60,4554,1742.84,0,0
797,0,优,11.08,3,130,100,65,0,0,5000,1200,5000,2680,12,115
798,0,优,1.48,4,22,22,22,0,0,500,500,110,110,7,378
799,0,良,14.59,0,0,0,0,0,0,0,0,0,0,48,35
800,0,良,14.72,2,100,100,100,0,0,520,520,520,520,0,0
801,0,优,16.53,3,0,0,0,0,0,0,0,0,0,0,0
802,0,良,17.8,13,7,5,3.5,0,0,1587.5,30,79.375,39.99,6,650
803,0,优,3.61,1,0,0,0,0,0,0,0,0,0,0,0
804,0,,3.87,4,165,100,55,65,50,228,10,100,46.4,3,614
805,0,良,1.47,2,80,80,80,0,0,300,300,240,240,0,0
806,0,,3.39,1,53.85,53.85,53.85,0,0,650,650,350,350,0,0
807,0,优,6.46,1,90,90,90,0,0,500,500,450,450,7,1488
808,0,良,6.21,3,100,98,50,98,98,50,50,49,25,9,217
809,0,优,6.28,1,85,85,85,0,0,100,100,85,85,9,48
810,0,优,1.77,3,0,0,0,0,0,0,0,0,0,2,408
811,0,良,13.45,17,475.5,95,59.44,185,95,10000,50,1425,614.38,2,1304
812,0,,29.13,2,68.33,35,22.78,33.33,33.33,200,3,70,35.5,5,386
813,0,优,2.95,5,240,99,80,0,0,1000,100,990,377,3,626
814,0,良,0.23,5,225,55,45,0,0,4080,3,1224,373.1,0,0
815,0,,15.23,1,67,67,67,0,0,100,100,67,67,3,311
816,0,优,4.8,2,150,100,75,150,100,150,50,150,87.5,0,0
817,0,,8.86,9,305.56,90,50.93,30,30,1000,30,120,61.17,0,0
818,0,优,7.67,2,43,43,43,0,0,5013,5013,2155.59,2155.59,12,224
819,1,优,19.06,6,240,90,60,100,60,100,20,50,31.75,3,217
820,0,良,17.18,2,95,95,95,0,0,30,30,28.5,28.5,9,27
821,0,,6.77,5,150,100,50,0,0,500,100,500,193.33,17,562
822,0,优,3.55,4,280,100,93.33,180,90,100,50,100,63.33,0,0
823,0,良,10.96,14,282.25,100,31.36,48.16,30,6195.82,50,3000,804.88,0,0
824,0,,10.32,8,446,100,49.56,0,0,500,10,200,56.17,10,96
825,0,优,4.66,17,1214.32,100,60.72,647,100,1500,1,989.8,105.56,18,43
826,0,良,19.22,2,54,34,27,20,20,350,50,119,64.5,6,277
827,0,,13.52,3,0,0,0,0,0,0,0,0,0,4,139
828,0,优,9.06,7,98,98,98,0,0,500,500,490,490,27,1
829,0,良,7.01,1,50,50,50,0,0,50,50,25,25,0,0
830,0,,0.84,1,0,0,0,0,0,0,0,0,0,1,101
831,0,优,9.84,2,125,75,62.5,50,50,101,50,75.75,50.38,0,0
832,1,优,1.5,0,0,0,0,0,0,0,0,0,0,0,0
833,0,,16.88,6,0,0,0,0,0,0,0,0,0,0,0
834,0,优,11.8,1,0,0,0,0,0,0,0,0,0,5,467
835,0,良,16.45,4,180,100,90,100,100,40,18,32,25,10,308
836,0,优,1.56,3,0,0,0,0,0,0,0,0,0,4,34
837,1,优,3.38,1,80,80,80,0,0,2000,2000,1600,1600,5,141
838,0,良,2.56,1,100,100,100,0,0,100,100,100,100,13,136
839,0,,6.58,3,250,100,83.33,100,100,2100,14,2100,734.67,0,0
840,0,优,6.51,1,0,0,0,0,0,0,0,0,0,2,7
841,0,良,5.67,6,93.3,80,31.1,12.1,12.1,2500,100,80,40.7,0,0
842,0,,5.2,3,105,90,52.5,0,0,50,5,7.5,6,0,0
843,0,优,5.79,2,63,33,31.5,0,0,15000,5000,4950,2775,0,0
844,0,良,1.35,1,10,10,10,0,0,1000,1000,100,100,0,0
845,0,,5.06,1,0,0,0,0,0,0,0,0,0,0,0
846,0,优,2.03,4,96.6,50,48.3,46.6,46.6,50,50,25,24.15,0,0
847,0,良,11.52,7,99,99,99,0,0,1000,1000,990,990,0,0
848,0,优,5.32,2,100,50,50,0,0,1000,50,500,262.5,13,303
849,0,优,11.86,8,0,0,0,0,0,0,0,0,0,9,179
850,0,良,3.93,2,0,0,0,0,0,0,0,0,0,0,0
851,0,良,7.69,4,0,0,0,0,0,0,0,0,0,0,0
852,1,优,10.89,2,140.04,100,70.02,0,0,5500,1500,5500,3050.26,17,425
853,0,良,6.69,7,250,80,50,80,80,1038,10,726.6,160.76,1,343
854,0,优,16.65,1,100,100,100,0,0,0,0,28,28,0,0
855,0,优,8.24,2,120,70,60,0,0,800,500,560,405,0,0
856,0,良,11.24,4,139.06,44,34.77,20,20,10010,30,3520,1738.38,67,114
857,0,,14.24,1,65,35,32.5,30,30,100,5,35,18.25,0,0
858,0,优,3.07,2,100,100,100,0,0,50,50,50,50,16,421
859,0,良,7.84,6,225,100,56.25,25,25,1500,60,1500,503.75,0,0
860,0,,1.07,3,194.9,99.9,97.45,0,0,1000,100,999,547,10,23
861,1,优,9.31,10,332.89,96.33,55.48,120,70,3000,6,1800,379.53,2,129
862,0,良,12.68,1,92,88,46,0,0,200,80,70.4,39.2,16,195
863,0,优,11.4,1,15,15,15,0,0,500,500,75,75,0,0
864,0,优,7.68,3,110,75,36.67,25,25,1200,20,900,303.37,0,0
865,1,优,15.64,2,100,100,100,0,0,50,50,50,50,0,0
866,0,良,0.3,3,150,100,75,0,0,100,50,50,50,0,0
867,0,优,12.96,0,80,80,80,0,0,6000,6000,4800,4800,0,0
868,0,良,16.23,1,120,100,60,0,0,200,100,100,70,13,469
869,0,优,2.81,2,119,70,59.5,49,49,1000,300,490,350,5,536
870,1,优,4.86,2,0,0,0,0,0,1000,1000,0,0,0,0
871,0,良,0.07,2,40,40,40,40,40,150,150,60,60,0,0
872,0,优,8.57,1,0,0,0,0,0,0,0,0,0,0,0
873,0,优,4.27,2,95,70,47.5,25,25,2000,30,500,260.5,0,0
874,0,良,6.82,1,,97,97,0,0,30,30,29.1,29.1,3,1019
875,0,良,5.76,1,,98,98,0,0,3000,3000,2940,2940,21,157
876,1,优,11.69,1,,0,0,0,0,0,0,0,0,52,259
877,1,良,15.23,7,,90,57.44,70,70,5000,1000,1987.2,1146.8,9,187
878,1,优,17.97,2,,0,0,0,0,0,0,0,0,0,
879,0,优,20.08,5,,100,61.25,0,0,50,50,50,30.62,10,
880,0,,10.57,1,,0,,0,0,0,0,0,0,2,
881,0,良,4.32,2,,50,,0,0,300,300,150,150,0,
882,0,,6.9,19,,90,,2,2,1000,100,500,235,5,
883,0,良,1.62,14,,66.67,,0,0,19000,0,4371.95,1530.65,0,
884,0,良,14.17,3,,22.78,,22.78,22.78,51.8,51.8,11.8,11.8,3,
885,0,优,3.22,1,100,100,,0,0,308,308,308,,0,
886,0,良,5.83,3,120,60,,0,0,1000,100,600,,12,
887,0,优,8.99,8,126,99,,27,27,100,50,49.5,,23,
888,0,优,0.58,2,100,100,,0,0,50,50,,,0,0
889,0,良,11.64,2,112,100,37.33,12,10,50,5,,,0,0
890,0,良,14.7,3,220,70,55,160,70,130,10,,,4,61
891,1,优,16.13,1,70,70,70,0,0,,500,,350,15,2134
892,0,良,13.89,1,100,100,100,100,100,,100,,100,0,0
893,0,良,4.09,1,0,0,0,0,0,,0,,0,0,0
894,0,优,9.85,9,435,100,72.5,125,,,50,,53.33,0,0
895,1,优,3.64,3,51,,25.5,0,,,10,168.3,168.3,0,0
896,1,,,1,60,,60,0,,,8100,4860,4860,0,0
897,0,优,,3,162,,54,0,,,500,990,710,7,301
898,0,良,,2,55,,55,0,,,500,275,275,14,118
899,0,优,,2,0,,0,0,,,0,0,0,0,0
900,0,优,,2,10,,10,0,,10,10,1,1,0,0
901,0,良,,4,50,,50,0,,50,50,25,25,0,0
902,0,,,3,198.66,100,66.22,90,90,10050,50,,971.67,27,823
903,0,,3.73,1,0,0,0,0,0,0,0,,0,7,315
904,1,优,2.99,3,205.45,100,68.48,0,0,500,200,,240,0,0
905,0,优,1.51,2,100,100,100,0,0,100,100,,100,0,0
906,0,优,7.92,3,185,100,61.67,0,0,200,10,,71,9,337
907,0,良,2.05,0,0,0,0,0,0,0,0,,0,0,0
908,0,,5.14,3,60,40,20,0,0,3000,500,,603.33,2,545
909,0,优,12.1,10,197.32,80,65.77,0,0,5320,500,,1693.72,0,0
910,0,良,1.23,11,190,100,38,0,0,500,10,,73.2,6,257
911,0,,14.17,8,89.2,50,29.73,0,0,4000,550,,325.33,3,419
912,0,优,10.57,1,143.4,100,71.7,0,0,10,5.3,,6.15,9,419
913,0,良,16.76,8,267.61,60,38.23,140,50,300,50,,59,4,505
914,0,优,0.3,1,20,20,20,0,0,50,50,,10,0,0
915,0,优,8.88,2,0,0,0,0,0,0,0,,0,3,119
916,0,良,14.52,4,37.01,20,12.34,7.43,7.43,200,50,,11.08,4,413
917,0,良,0.78,2,130,80,65,50,50,200,50,,92.5,0,0
918,0,优,19.45,9,636.83,98,70.76,197.83,90,10000,100,,1351.56,17,606
919,0,良,16.41,1,0,0,0,0,0,0,0,,0,0,0
920,0,优,3.22,2,28,28,28,0,0,1000,1000,280,280,2,246
921,0,优,12.75,2,95,95,95,0,0,3000,3000,2850,2850,12,60
922,0,良,7.49,6,192,100,64,92,90,1000,50,1000,355,2,338
923,0,优,6.08,3,70,70,70,0,0,800,800,560,560,0,0
924,0,优,2.21,1,100,100,100,100,100,10,10,10,10,2,44
925,0,良,4.67,1,0,0,0,0,0,0,0,0,0,0,0
926,0,良,8.77,1,0,0,0,0,0,0,0,0,0,0,0
927,0,优,2.19,2,10,10,10,10,10,50,50,5,5,0,0
928,0,良,3.11,1,100,100,100,0,0,10,10,10,10,0,0
929,0,良,18.89,4,245,90,61.25,0,0,500,40,210,124,32,1209
930,0,优,6,4,180,70,45,10,10,1050,50,500,183.75,1,182
931,0,,12.8,3,90,90,90,90,90,300,300,270,270,0,0
932,0,良,10.5,1,195,100,97.5,100,100,5000,0,4750,4750,17,12
933,0,,6.44,1,65,65,65,0,0,500,500,275,275,0,0
934,0,良,16.72,11,234.87,50,19.57,80,50,3000,133.6,1500,166.66,0,0
935,0,良,3.02,1,0,0,0,0,0,5,5,5,5,0,0
936,0,优,6.06,5,180,100,90,80,80,100,50,100,70,4,1355
937,0,良,2.08,4,375,100,75,225,100,2000,50,2000,460,0,0
938,0,优,4.3,2,20,20,20,0,0,500,500,100,100,0,0
939,0,优,16.71,1,95.59,95.59,95.59,0,0,998,998,953.95,953.95,5,612
940,1,优,16.25,21,0,0,0,0,0,0,0,0,0,6,136
941,0,良,8.55,2,0,0,0,0,0,0,0,0,0,0,0
942,0,优,14.84,2,90,90,90,0,0,50,50,45,45,5,449
943,0,良,10.03,3,160,100,80,100,100,1000,5,600,302.5,0,0
944,0,良,5.97,21,310,100,51.67,90,90,10000,100,10000,2581.67,8,361
945,0,优,14.51,1,0,0,0,0,0,0,0,0,0,3,347
946,0,良,1.78,7,170,100,56.67,0,0,100,10,30,16.67,0,0
947,0,优,11.73,1,0,0,0,0,0,0,0,0,0,17,219
948,0,优,3.06,2,100,100,100,0,0,200,200,200,200,14,291
949,0,良,6.74,1,100,100,100,0,0,30,30,30,30,2,249
950,0,,3.71,1,60,60,60,0,0,82,82,49.2,49.2,0,0
951,0,优,8.14,1,50,50,50,0,0,500,500,250,250,2,838
952,0,良,1.15,3,125,100,41.67,100,100,100,4.6,25,14.8,10,349
953,0,,8.25,2,80,80,80,0,0,600,600,480,480,5,5
954,1,优,5.85,7,489.29,100,69.9,99.29,99.29,1000,100,695,389.29,5,295
955,0,良,2.62,1,100,100,100,0,0,100,100,100,100,0,0
956,0,优,15.58,3,82,50,27.33,50,50,350,10,56,25.77,6,773
957,0,优,4.07,1,10,10,10,0,0,800,800,80,80,0,0
958,0,良,8.9,7,415,100,83,0,0,2400,500,2400,1030,0,0
959,0,良,7.7,5,207,100,51.75,0,0,800,50,536,151.5,10,459
960,0,优,21.02,11,459.05,90,45.91,87,67,2000,50,3350,547.33,7,213
961,0,良,15.65,1,52.14,,52.14,0,0,2000,2000,1042.8,1042.8,2,170
962,0,优,4.19,20,442.5,,44.25,20,20,4000,50,3700,530,1,99
963,0,优,6.08,2,50,,50,0,0,500,500,250,,0,0
964,0,良,21.09,4,90,,45,90,80,50,50,40,,4,284
965,0,优,2.25,2,110,,55,0,0,500,50,400,,0,0
966,0,优,1.45,1,0,,0,0,0,0,0,0,,0,0
967,0,良,4.35,4,208,,52,,50,1000,10,430,,19,472
968,0,良,4.83,2,60,,30,,0,50,10,25,,8,284
969,0,优,12.78,2,83.33,,83.33,,0,300,300,250,,10,166
970,0,良,10.87,,267.68,,44.61,,0,12800,1500,4300,,0,0
971,0,良,5.9,,192.27,,48.07,,72.33,1010.125,150,480,,0,0
972,0,优,2.23,,110,,55,,0,1000,100,100,,,0
973,0,,7.59,,74.23,,24.74,,35,3025.4861,100,1186.9441,,,304
974,0,良,5.76,,100,,50,,50,50,50,25,,,0
975,0,,11.69,,100,,100,,0,200,200,200,,,662
976,0,良,16.57,,110.56,,36.85,,0,0,0,2970,,,212
977,0,良,16.43,2,90,,30,60,60,50,0,30,,,0
978,1,优,9.01,1,10,10,10,0,0,1000,1000,100,,,395
979,0,良,5.89,13,419.51,100,46.61,220,100,6607.6,50,2478.7,,0,0
980,0,优,20.97,3,184.24,51.1,36.85,33.33,33.33,2458.77,3,1256.43,,4,1027
981,0,优,,2,30,,30,30,30,100,100,30,,2,232
982,0,良,,3,150,,75,0,0,1000,50,1000,,0,0
983,0,良,,4,173.59,,57.86,125.68,73.68,223.1579,,106.915,,0,0
984,0,优,,3,185,,61.67,0,0,1010,,959.5,,0,0
985,0,良,,4,50,,10,0,0,1200,,180,,12,287
986,0,良,,4,73.33,40,36.66,0,0,50,,20,,3,211
987,0,优,,1,5,5,5,0,0,1001,,50.05,,7,499
988,0,,2.85,2,100,100,100,0,0,100,,100,,6,65
989,0,,23.69,5,130,60,43.33,30,30,550,,330,,9,399
990,1,优,6.32,1,90,90,90,0,0,100,,90,,0,0
991,0,,3.18,4,290,100,72.5,100,60,1000,500,1000,,24,83
992,0,,6,5,266.82,52,38.12,0,0,100000,1000,5000,,16,69
993,0,,4.13,3,103,63,51.5,40,40,3200,50,2016,,0,0
994,0,良,4.38,14,327.5,100,65.5,50,50,2000,50,950,,0,0
995,0,优,13.15,6,547.72,100,68.47,374.3,100,568,28,401,,0,0
996,1,优,36.11,4,236.34,90,78.78,0,0,101,50,80,,0,0
997,0,良,3.22,2,49,49,49,0,0,500,500,245,245,11,215
998,0,,10.39,16,369.7,100,46.21,44.1,44.1,5000,10,5000,912.9,0,0
999,0,优,19.81,3,160,100,40,0,0,1000,50,300,122.88,6,236
1000,0,良,1.78,1,50,50,50,0,0,10,10,5,5,0,0
